LA,2007,2008,2009,2010,2011,2012,2013,2014,2015,2016,2017
Darlington,8000,8300,8400,8500,8500,8300,8100,8100,7900,7800,7500
County Durham,47900,48000,48500,49900,50000,50400,51000,51200,51300,50600,49500
Hartlepool,7900,8100,8300,8300,8400,8300,8200,8100,8100,7900,7600
Middlesbrough,16400,16000,15600,15700,16100,16500,16400,16200,16200,16200,15900
Northumberland,22400,22800,23200,23600,23500,23000,22800,22600,22000,21400,21000
Redcar and Cleveland,11300,11400,11500,11600,11600,11400,11300,11100,11000,10700,10400
Stockton-on-Tees,17400,17700,17800,18000,17900,17900,17700,17500,17200,16800,16200
Gateshead,17100,17200,17200,17300,17100,16600,16300,16500,17400,17400,17200
Newcastle upon Tyne,45500,44600,45000,46900,48200,49900,50700,51400,51500,51000,50900
North Tyneside,15300,15500,15500,15400,15400,14900,14900,14700,14500,14300,13900
South Tyneside,12900,13100,13300,13300,13200,12900,12800,12700,12400,12000,11700
Sunderland,26800,26600,26800,27200,27300,27600,27300,27200,26700,25900,24400
Blackburn with Darwen,13700,13800,13900,13800,13400,13200,13100,13100,13100,13100,12900
Blackpool,12000,12000,12000,12200,12000,11900,12100,11800,11700,11400,11100
Cheshire East,26000,26400,26600,26800,27300,27300,26900,26600,26500,25900,25000
Cheshire West and Chester,28000,28000,28000,28000,27800,27700,27600,27900,28100,27800,27400
Halton,11000,11100,11200,11200,11100,10800,10600,10500,10400,10200,9900
Warrington,16000,16300,16700,16700,16800,16700,16300,16200,16000,15600,15300
Allerdale,6400,6600,6700,6700,6800,6900,6900,7000,7000,6800,6700
Barrow-in-Furness,5500,5500,5600,5600,5700,5600,5500,5400,5400,5300,5200
Carlisle,10800,10100,9500,9400,9500,9800,9700,9500,9300,8900,8400
Copeland,5200,5300,5400,5400,5400,5400,5300,5300,5200,5100,4800
Eden,3400,3400,3500,3600,3600,3700,3700,3700,3500,3400,3200
South Lakeland,6600,6500,6500,6600,6300,6300,6300,6400,6600,6500,6500
Bolton,23400,24200,24600,24900,25000,25300,24800,24300,23900,23800,23400
Bury,14600,14800,15000,15200,15100,14800,14700,14600,14200,14100,14000
Manchester,84500,84300,84000,85400,87200,88600,85700,85400,86500,87400,87300
Oldham,20000,20300,20400,20200,20400,20200,20000,19700,19700,19600,19600
Rochdale,18800,19100,19300,19300,19600,19200,18900,18900,18600,18300,18200
Salford,26400,26400,25900,26100,26100,25900,25200,25000,25400,24600,24900
Stockport,20800,21100,21500,21500,21500,21200,20900,20700,20500,20100,19300
Tameside,18700,19100,19300,19300,19300,18900,18700,18200,18000,17600,17400
Trafford,16300,16500,16700,16800,16800,16500,16200,16300,15800,15400,15200
Wigan,26000,26500,26800,26900,26900,26600,26300,26000,25700,24900,24200
Burnley,7900,8000,7900,7900,7800,7700,7400,7500,7300,7200,6800
Chorley,7800,8300,8300,8300,8400,8200,8200,8200,8100,8000,7700
Fylde,4800,4800,5000,5100,5000,4900,4800,4700,4700,4600,4400
Hyndburn,7000,7200,7100,7100,6900,6800,6800,6800,6700,6500,6400
Lancaster,17700,17000,17100,18300,19300,20500,20500,20600,20300,20100,19800
Pendle,7900,8100,8100,8000,7800,7500,7200,6900,6900,6700,6400
Preston,20400,19400,18400,18500,19300,19900,19300,19000,19100,18700,18600
Ribble Valley,3600,3700,3800,3900,4000,4000,4000,3900,3900,3800,3800
Rossendale,5100,5200,5500,5500,5400,5300,5400,5200,5100,4900,4900
South Ribble,8400,8500,8800,8800,8800,8600,8300,8200,8000,7700,7600
West Lancashire,9600,9800,10000,10700,10700,11200,11700,12000,12100,12300,12500
Wyre,7700,7800,7900,7900,8000,7900,7900,7900,7700,7700,7300
Knowsley,14000,14200,14000,14000,13900,13800,13700,13600,13500,13200,12700
Liverpool,66200,65900,66800,67000,67900,69200,68600,67800,68800,69300,69300
Sefton,22000,22400,22700,22500,22400,22000,21800,21300,20900,20200,19200
St. Helens,14200,14300,14700,14800,14900,14700,14400,14400,14200,13900,13500
Wirral,24700,25100,25600,25700,25600,25200,24800,24400,23800,23100,22600
East Riding of Yorkshire,23500,23400,23400,23600,23900,24100,24000,24000,23300,23100,21900
"Kingston upon Hull, City of",32300,32700,32400,32200,31600,31700,30900,30400,30000,29100,29000
North East Lincolnshire,14200,14600,14900,14900,14600,14400,13900,13500,13100,12500,11900
North Lincolnshire,12800,13200,13400,13400,13300,13200,13100,13000,12800,12500,11900
York,24700,24700,25200,26200,27100,28300,29400,30000,30400,30500,31200
Craven,3400,3500,3500,3500,3600,3500,3500,3500,3300,3400,3300
Hambleton,5900,6100,6300,6400,6500,6300,6200,5900,5700,5500,5300
Harrogate,10300,10400,10500,10800,10900,10500,10200,10000,9700,9000,8600
Richmondshire,5300,5600,6200,6500,6700,6500,6000,5300,4900,4800,4200
Ryedale,3200,3300,3400,3400,3400,3400,3500,3500,3600,3600,3500
Scarborough,8600,8800,9000,9100,9000,9000,8700,8400,8000,7700,7100
Selby,5800,6200,6200,6400,6300,6300,6200,6100,5800,5700,5600
Barnsley,18500,18800,19000,19000,19200,19300,19200,19500,19500,19400,18900
Doncaster,26300,26900,27400,27200,26700,26300,25900,25200,24500,23900,23400
Rotherham,20800,21100,21500,21500,21600,21500,21200,21300,21000,20400,20100
Sheffield,68700,69700,70800,74700,78200,81300,81100,81400,82300,82900,81900
Bradford,49700,49600,49000,48900,49600,48500,47800,47100,46600,46100,46000
Calderdale,15600,15800,15900,16000,16300,16000,15900,15800,15700,15500,15100
Kirklees,38600,38800,38900,39400,40000,40300,40000,40100,39900,39200,38600
Leeds,99200,97400,96000,96200,96900,100300,99600,100800,103700,104900,103900
Wakefield,27000,27300,27400,27400,27300,27200,26800,26600,26200,25600,25100
Derby,24900,25100,25500,26700,27200,27600,27100,26300,26100,26000,25800
Leicester,45700,45400,45500,46400,46600,47700,47700,48100,49400,50100,51500
Nottingham,53300,52300,53200,55400,57800,61600,62300,63200,64500,65700,66000
Rutland,2700,2800,2800,2700,2700,2700,2900,2900,2900,2800,2800
Amber Valley,8300,8500,8800,8900,9000,9100,9300,9300,9200,9000,9000
Bolsover,5900,5900,6100,6000,6100,6200,6300,6300,6300,6100,6100
Chesterfield,7700,7800,8000,8200,8300,8500,8500,8400,8700,8300,8200
Derbyshire Dales,3900,4100,4300,4500,4500,4500,4600,4700,4500,4500,4400
Erewash,8400,8900,9200,9300,9400,9300,9300,9200,9000,8800,8500
High Peak,6500,6800,7100,7300,7400,7400,7500,7500,7400,7200,7000
North East Derbyshire,6700,6900,7100,7200,7300,7300,7300,7400,7300,7200,7000
South Derbyshire,6600,6800,7000,7000,7100,7000,7200,7300,7200,7200,7400
Blaby,6700,6900,6900,7200,7300,7200,7300,7300,7000,7000,6700
Charnwood,21700,21600,21900,22100,22400,23400,23300,24300,25000,25000,25500
Harborough,4900,5100,5400,5500,5600,5600,5900,5900,5900,5700,5800
Hinckley and Bosworth,7300,7500,7600,7600,7600,7600,7600,7600,7300,7300,7300
Melton,3400,3500,3600,3600,3700,3700,3700,3700,3500,3400,3300
North West Leicestershire,6100,6400,6600,6800,6800,7000,7200,7200,7300,7300,7300
Oadby and Wigston,6500,6300,5800,5400,6000,5900,5900,5800,6300,6200,6900
Boston,5100,5400,5500,5500,5300,5100,5100,5100,4900,4900,4900
East Lindsey,8900,9200,9300,9400,9300,9200,9100,8900,8700,8600,8400
Lincoln,15600,15200,14800,15100,15500,16400,16200,16600,16900,17300,18100
North Kesteven,6600,7000,7100,7400,7600,7500,7400,7500,7500,7400,7300
South Holland,5700,6100,6300,6300,6200,6200,6100,6200,6200,6200,6300
South Kesteven,8700,8900,9100,9100,9200,9000,9300,9500,9200,9100,8900
West Lindsey,5800,5900,6100,6300,6300,6300,6500,6600,6600,6500,6300
Corby,5400,5400,5500,5400,5400,5300,5300,5200,5100,5000,5000
Daventry,5300,5400,5600,5600,5600,5600,5500,5500,5600,5500,5500
East Northamptonshire,5700,5800,6000,5900,6100,6000,6100,6100,6200,6300,6300
Kettering,6800,6900,7000,7000,7100,7200,7100,7100,7100,6900,6700
Northampton,21700,21300,20800,20700,20900,20800,20400,20300,20700,20900,20500
South Northamptonshire,5100,5300,5400,5400,5400,5400,5600,5700,5600,5500,5400
Wellingborough,5900,6000,5900,5800,5600,5600,5300,5400,5400,5400,5300
Ashfield,9300,9600,9700,9900,10000,10000,10000,10000,9900,9800,9700
Bassetlaw,8200,8500,8700,8700,8700,8700,8900,8900,8800,8700,8600
Broxtowe,8900,8900,9200,9000,9300,9400,9100,9000,9100,8800,9000
Gedling,8100,8200,8400,8600,8800,8700,8900,8800,8600,8400,8100
Mansfield,9100,9200,9200,9100,9100,9000,8800,8700,8700,8600,8300
Newark and Sherwood,8100,8400,8600,8700,8800,8900,9200,9200,9100,9000,8900
Rushcliffe,8300,8300,8400,8900,8800,8700,9100,9000,9000,8800,8400
"Herefordshire, County of",12300,12900,13500,13500,13400,13400,13400,13500,13100,12700,12600
Shropshire,21800,22700,23700,24100,24000,23700,23400,23000,22600,22200,21600
Stoke-on-Trent,25600,25600,25500,25700,25900,26400,25900,25100,24700,24300,24300
Telford and Wrekin,15500,15400,15400,15400,15400,15600,15700,15500,15900,15800,15400
Cannock Chase,8100,8300,8400,8400,8300,8400,8200,8300,8200,7900,7700
East Staffordshire,8800,9100,9300,9300,9400,9300,9300,9400,9100,8900,8600
Lichfield,7000,7200,7400,7500,7600,7400,7500,7300,7300,7200,7400
Newcastle-under-Lyme,13400,13000,12900,13200,13600,13700,14100,14100,13800,14200,14100
South Staffordshire,7600,7900,8300,8500,8700,8600,8800,8700,8500,8300,8400
Stafford,10500,10600,10700,11000,11300,11600,11400,11100,10700,10500,9700
Staffordshire Moorlands,6600,6600,6800,6900,6900,6800,6800,6900,6800,6600,6500
Tamworth,6700,6700,6700,6700,6600,6500,6200,6100,6200,6000,5900
North Warwickshire,4500,4700,4700,4700,4600,4700,4600,4600,4600,4400,4300
Nuneaton and Bedworth,10100,10400,10500,10500,10400,10500,10400,10300,10100,9900,9700
Rugby,7300,7500,7500,7500,7400,7200,7100,7100,7200,7300,7100
Stratford-on-Avon,7000,7300,7400,7700,7700,7400,7400,7400,7600,7400,7500
Warwick,14900,15200,16000,15900,15300,15900,16000,16100,15500,15300,14900
Birmingham,125000,123900,124100,126200,129200,132400,132400,134200,137500,140800,141600
Coventry,37300,38000,37600,39500,42500,44100,45000,47000,49600,51500,53000
Dudley,24900,25300,25500,25800,25700,25400,25400,25400,25100,24900,24600
Sandwell,27500,28000,28500,28900,28800,28500,28400,28200,28100,27700,27200
Solihull,15100,15600,16200,16400,16300,16100,16100,16200,15800,15300,15400
Walsall,23400,23700,24100,24300,24400,24300,24100,23900,23800,23600,23300
Wolverhampton,23800,23800,23800,24200,24900,24800,24200,23800,23700,23400,22800
Bromsgrove,6000,6300,6600,6700,6800,6900,6900,7000,6800,6500,6400
Malvern Hills,4500,4500,4600,4800,4900,5000,5200,5200,5000,4900,4800
Redditch,7200,7300,7300,7100,7100,7000,6800,6700,6500,6300,6200
Worcester,9200,9400,9700,9900,10500,11200,11500,11700,11500,11500,11500
Wychavon,7100,7400,7600,7700,7900,7800,8000,8000,7900,7800,7800
Wyre Forest,7100,7300,7300,7300,7300,7200,7100,7100,7100,6900,6800
Bedford,12800,12700,12700,13500,13700,13800,13700,13700,13400,13300,12800
Central Bedfordshire,17500,17900,18400,18800,19400,19400,19400,19500,19400,19000,18500
Luton,21300,20800,20500,21100,21900,21700,21100,20800,20400,19900,18700
Peterborough,16300,16600,16900,16800,16800,16400,15900,15800,15700,15200,14900
Southend-on-Sea,12800,13300,13500,13600,13700,13600,13500,14000,13500,13400,13300
Thurrock,13100,13500,13500,13600,13500,13400,13200,13600,13400,13300,13100
Cambridge,24300,23500,22500,23300,23900,23800,24300,24700,25300,25100,25600
East Cambridgeshire,5400,5600,5800,5700,5700,5800,5500,5600,5500,5400,5600
Fenland,6900,7200,7300,7400,7400,7300,7400,7400,7500,7500,7400
Huntingdonshire,12000,12600,12800,13200,13500,13200,12800,12400,12200,11800,11700
South Cambridgeshire,9700,10000,10300,10400,10500,10200,9900,9700,9600,9600,9400
Basildon,13900,14100,14300,14200,14300,14500,14600,14700,14400,14200,14100
Braintree,10600,10900,11000,11200,11300,11100,11000,11000,10700,10600,10300
Brentwood,4700,4900,5000,5100,5200,5300,5400,5600,5500,5400,5300
Castle Point,6400,6600,6800,6900,6900,6900,6900,7100,7000,6800,6700
Chelmsford,13800,13600,13700,13800,13800,13600,13500,13700,13400,12900,12800
Colchester,17500,17500,17500,18600,19500,20000,19900,20000,20500,20400,20400
Epping Forest,8600,9000,9200,9300,9600,9600,9600,9900,9700,9500,9400
Harlow,6800,6900,6800,6700,6800,6800,6700,7000,6800,6700,6600
Maldon,4000,4100,4200,4100,4200,4200,4200,4400,4200,4200,4200
Rochford,5900,6100,6000,6000,6000,6200,6200,6500,6300,6400,6200
Tendring,9000,9200,9500,9600,9800,9700,9900,10000,9800,9800,9700
Uttlesford,4600,5000,5200,5300,5500,5500,5600,5900,5700,5600,5700
Broxbourne,7300,7500,7600,7700,7900,7800,7700,7500,7400,7400,7300
Dacorum,10100,10400,10800,10900,11100,11100,10900,10800,10700,10500,10100
East Hertfordshire,8500,8800,9000,9100,9400,9500,9600,9600,9800,9700,9500
Hertsmere,7300,7500,7800,7900,8100,8000,7800,7600,7500,7300,7100
North Hertfordshire,8200,8500,8600,8800,8800,8600,8500,8800,8700,8600,8300
St Albans,8000,8500,8700,8800,9100,8800,8700,8800,8800,8600,8300
Stevenage,7300,7500,7500,7400,7600,7500,7500,7400,7100,6900,6800
Three Rivers,5500,5800,6000,6200,6300,6300,6200,6300,6200,6100,5900
Watford,7100,7300,7400,7600,7700,7400,7300,7200,7100,6900,6700
Welwyn Hatfield,15500,14700,14300,15100,15500,15500,15800,15800,16500,17500,17800
Breckland,9400,9800,9900,10000,10100,10000,10000,10000,9900,9800,9700
Broadland,7600,7800,7900,8100,8100,8100,8200,8200,8200,8200,8100
Great Yarmouth,7600,7900,8100,8200,8200,8100,8000,8100,8000,7700,7700
King's Lynn and West Norfolk,10600,11000,11300,11200,11300,11200,10900,10800,10500,10200,10200
North Norfolk,6200,6300,6300,6300,6500,6300,6200,6300,6400,6200,6100
Norwich,19000,19000,19100,19700,19900,20500,20900,21200,21700,22500,22600
South Norfolk,7200,7400,7700,7900,8000,8000,8100,8100,8300,8300,8500
Babergh,5600,5700,5800,5700,5700,5700,5700,5700,5800,5600,5600
Forest Heath,6400,6200,6100,5700,5700,6100,6100,6200,6100,5500,6100
Ipswich,11900,12300,12700,12900,13200,13200,12900,12600,12500,12100,11700
Mid Suffolk,6000,6200,6300,6500,6700,6600,6700,6600,6600,6400,6500
St Edmundsbury,8400,8700,8800,9000,9000,8800,8700,8400,8400,8100,7800
Suffolk Coastal,7400,7700,7800,7900,8000,7800,8000,7900,7900,7800,7800
Waveney,8500,8700,8600,8600,8600,8600,8600,8500,8400,8300,8200
Camden,26000,25000,25200,26300,28300,29100,28900,28900,28900,28300,27700
City of London,600,500,500,500,600,300,200,200,400,600,600
Hackney,26500,27600,27600,27200,26500,24900,23600,22600,22100,21700,21500
Hammersmith and Fulham,20900,21000,21100,20600,20200,18700,17400,17000,17100,16400,16900
Haringey,24100,24900,24600,24500,24300,23700,22600,22500,22600,23400,22500
Islington,23700,23700,24100,24100,25200,24800,25500,27200,29400,30700,30700
Kensington and Chelsea,15300,15200,14600,14400,14200,13300,12700,12500,12700,11800,11600
Lambeth,31100,31700,32000,31200,31600,30000,28400,27500,27600,27300,27600
Lewisham,26000,26800,26700,26800,27300,26900,26300,25600,25700,25100,24700
Newham,34700,35900,36700,39200,40800,39200,37500,36400,36000,35900,35700
Southwark,32700,32800,32600,32700,34100,33800,33800,33100,32300,30500,29800
Tower Hamlets,33300,34800,36200,37000,37000,35600,34000,33900,34100,33700,34000
Wandsworth,31400,31300,30400,29100,28200,26300,25100,24600,24900,24700,25000
Westminster,25700,24100,21700,21200,22000,22300,19600,19400,21200,21800,21800
Barking and Dagenham,15500,15700,16300,17100,18000,18100,17900,18000,18100,18500,18400
Barnet,29800,30200,30600,30800,31300,31200,30400,30000,29700,30000,29200
Bexley,18500,19200,19800,20400,21000,21300,21500,21300,20600,20300,19700
Brent,29800,30900,30900,31200,31300,30000,29000,28300,28200,28100,28900
Bromley,20800,21400,22000,22400,22700,22800,22800,22300,22800,21500,21000
Croydon,30100,30900,31300,31900,32300,31700,31500,30900,30000,28800,28100
Ealing,31000,31300,31400,31300,31300,29700,28200,27600,27000,26300,25800
Enfield,26800,27700,28200,29000,29600,29000,28400,28100,28000,27900,26500
Greenwich,24700,24900,24900,25800,26900,27000,26100,25400,25300,24900,24700
Harrow,21000,21100,21200,21200,21600,21200,19800,18900,18700,18900,18500
Havering,18600,19300,20000,20400,20900,21000,21000,21100,20800,20400,20100
Hillingdon,26800,27200,27800,28600,30300,30800,30300,30000,29600,29000,28000
Hounslow,23500,23700,23700,24100,24300,23600,22600,22300,22000,21400,21100
Kingston upon Thames,17900,17900,17600,17500,17900,18000,17700,17200,17200,16900,16300
Merton,16900,17100,16900,16400,16300,15500,15000,14400,14500,14500,14100
Redbridge,23400,24200,24800,25000,26000,25400,25100,25100,24900,25000,24400
Richmond upon Thames,13000,12700,12500,12600,12700,11900,11500,11600,11600,11600,11500
Sutton,14400,14500,14700,14700,14700,14600,14300,14300,14100,13900,13400
Waltham Forest,24300,25500,25800,25900,26600,25600,24500,23700,22800,22200,21600
Bracknell Forest,9000,9200,9200,9100,9000,8900,8900,8700,8800,8700,8700
Brighton and Hove,32600,33800,34600,35900,37300,38900,39400,40000,40700,41300,41800
Isle of Wight,9700,9900,10100,9900,9800,9900,9800,9900,9900,9600,9600
Medway,24200,24700,25600,26700,27400,27800,27600,27100,26600,25500,24300
Milton Keynes,20600,20600,20300,19900,19300,19000,18700,18600,18600,18500,18300
Portsmouth,28300,28100,28700,30400,31500,32200,31400,31100,31600,32200,32300
Reading,21200,21300,20200,19700,19000,18900,19300,19400,19100,19000,18900
Slough,12700,12900,12900,12900,12600,12100,11500,11200,11200,11100,11000
Southampton,37900,37300,36800,37900,38800,40500,40500,41100,42400,43900,43800
West Berkshire,10600,10900,10900,10900,10800,10600,10700,10600,10700,10700,10400
Windsor and Maidenhead,9800,10200,10200,10000,9900,9600,9400,9200,9000,9100,9100
Wokingham,12100,12200,12000,11400,10900,11100,10800,10600,10700,11000,11300
Aylesbury Vale,12300,12500,12600,12600,12700,13000,13400,13600,13800,13800,13800
Chiltern,5900,5900,5900,5700,5600,5600,5600,5700,5700,5600,5500
South Bucks,4100,4300,4400,4500,4500,4400,4300,4300,4300,4400,4300
Wycombe,14000,14000,13700,14200,14600,14700,14600,14300,13900,13500,13000
Eastbourne,8700,8700,8500,8500,8700,8400,8400,8400,8300,8300,8200
Hastings,7500,7800,7900,8000,8100,8000,7800,7700,7700,7600,7400
Lewes,6500,6500,6700,6800,6900,6800,6700,6800,6800,6600,6600
Rother,5100,5300,5400,5400,5500,5600,5700,5800,5900,5900,5800
Wealden,8800,9000,9200,9300,9600,9700,9900,10100,10100,10000,9800
Basingstoke and Deane,11900,12100,12300,12400,12300,12100,12000,12100,12000,12100,11900
East Hampshire,7500,8000,8100,8200,8300,8200,8400,8300,8300,7900,7900
Eastleigh,9300,9500,9700,10000,10100,9900,9800,9700,9400,9100,8900
Fareham,7600,7800,8100,8200,8200,8400,8600,8500,8600,8500,8200
Gosport,6900,7000,6900,6800,7000,7000,6900,7100,7000,7000,6900
Hart,5700,6000,6200,6200,6300,5900,6000,6000,5900,5600,5700
Havant,9300,9600,9600,9700,9800,9700,9700,9900,9800,9700,9700
New Forest,11100,11200,11700,11900,11900,11700,11600,11700,11600,11200,11100
Rushmoor,8700,8900,8900,9000,9100,8800,8500,8400,7900,8000,7700
Test Valley,7500,7800,8100,8200,8300,8300,8300,8400,8300,8100,7800
Winchester,9800,10200,10600,10700,10900,11000,11400,11600,11900,12300,12300
Ashford,8500,8700,8800,9000,9300,9300,9300,9300,9300,9300,9000
Canterbury,20800,20500,20500,22100,23600,25500,26500,27200,27900,28400,27900
Dartford,8100,8400,8600,8500,8300,8100,8000,8100,7800,7700,7700
Dover,8100,8300,8300,8400,8400,8500,8500,8600,8400,8400,8400
Gravesham,8600,8800,8900,9100,9000,9000,8900,8900,8600,8300,8000
Maidstone,11400,11700,11900,12000,12000,12100,12100,12200,12100,12100,12000
Sevenoaks,7000,7200,7300,7600,7700,7800,7800,7600,7500,7400,7400
Folkestone and Hythe,7700,8000,8200,8500,8800,8700,8400,8200,8000,7900,7700
Swale,10200,10600,10700,11000,11200,11000,11200,11400,11400,11500,11500
Thanet,9900,10200,10500,10700,10800,10900,11000,11300,11300,11100,10700
Tonbridge and Malling,7700,7900,8300,8600,8700,8800,9100,9200,9000,9100,9000
Tunbridge Wells,7500,7800,8100,8100,8000,7800,7700,7700,7300,7400,7300
Cherwell,10800,11100,11000,10800,10800,10400,10300,10200,10200,10000,9900
Oxford,32200,30700,29000,29100,29700,29800,30500,32000,32600,33200,33400
South Oxfordshire,8900,9000,9200,9200,9200,9000,9000,9200,9200,9000,8700
Vale of White Horse,9200,8900,8800,8700,8800,8600,8500,8400,8400,8700,8700
West Oxfordshire,7000,7300,7600,7700,7600,7600,7500,7300,7100,6900,6800
Elmbridge,7400,7500,7500,7400,7600,7400,7300,7600,7500,7600,7700
Epsom and Ewell,5300,5600,5700,5800,5900,5800,5900,6100,6100,5900,5800
Guildford,14100,14000,14000,14800,15800,16700,16700,17100,18300,18800,19400
Mole Valley,4800,5000,5200,5300,5300,5300,5500,5400,5400,5400,5300
Reigate and Banstead,8800,9100,9500,9600,9800,9600,9400,9400,9300,9100,9200
Runnymede,9000,8800,9000,9500,9700,10500,10900,10900,11200,11300,11100
Spelthorne,6800,6900,7100,7100,7200,7100,7200,7000,6800,6800,6600
Surrey Heath,5400,5500,5700,6000,6100,6200,6000,6100,6100,5900,5900
Tandridge,5200,5500,5700,5700,5800,5700,5700,5800,5600,5500,5500
Waverley,7800,7900,8000,7900,7900,8100,8200,8300,8500,8300,8500
Woking,6800,6900,6900,6900,7000,6500,6200,6300,6200,6100,6000
Adur,4300,4400,4400,4400,4300,4300,4200,4300,4200,4100,4100
Arun,10200,10500,10700,10700,10600,10700,10800,10700,10700,10400,10300
Chichester,8100,8400,8700,8900,9100,9200,9500,9400,9600,9700,9500
Crawley,9400,9400,9300,9300,9100,9000,8600,8400,8500,8300,8000
Horsham,7900,8100,8200,8400,8500,8500,8500,8600,8600,8900,8700
Mid Sussex,9100,9300,9400,9300,9300,9300,9300,9300,9200,9000,9000
Worthing,7200,7600,7700,7600,7800,7600,7500,7400,7200,7200,7100
Bath and North East Somerset,21700,21400,21000,21700,22700,24200,25300,25900,27200,28400,28400
Bournemouth,21400,20800,20500,21900,22900,23200,22800,22900,23400,24100,24100
"Bristol, City of",55800,56100,56400,56300,57100,58200,58800,59600,61700,62100,63300
Cornwall,37400,38500,39300,40300,41500,42100,42200,42600,43100,43100,43100
Isles of Scilly,200,200,100,200,100,100,100,100,200,200,100
North Somerset,13700,13700,13700,13900,13800,13600,13600,13700,13900,13700,13600
Plymouth,33200,32700,32400,31900,32900,33900,34100,34200,33500,32800,32200
Poole,11700,11700,11700,11600,11600,11100,10800,10800,10800,10700,10900
South Gloucestershire,23300,22800,22300,22400,22700,22700,23800,23600,24000,24500,24200
Swindon,17000,17500,17600,17500,17600,17100,16800,16600,16400,15800,15900
Torbay,9300,9500,9700,9800,9600,9500,9500,9700,9500,9200,9100
Wiltshire,33300,34600,35500,36100,36600,35800,35500,35000,34900,33800,32900
East Devon,8700,8700,8400,8600,8600,8700,8600,8500,8600,8300,8100
Exeter,17800,17500,17400,18400,19500,20500,21100,21900,23100,23200,22900
Mid Devon,5100,5200,5300,5200,5300,5200,5300,5500,5300,5300,5300
North Devon,6400,6600,6800,7000,7000,6900,6700,6700,6600,6400,6300
South Hams,5700,5900,5700,5700,5600,5300,5200,5200,5300,4900,4700
Teignbridge,8000,8200,8300,8500,8400,8300,8300,8300,8400,8100,8000
Torridge,4000,4100,4200,4400,4300,4500,4500,4400,4300,4200,4100
West Devon,3100,3400,3500,3500,3500,3400,3300,3200,3200,3100,3100
Christchurch,2600,2700,2900,3000,3000,3000,3000,3100,3100,3000,2900
East Dorset,4700,4900,5200,5400,5400,5400,5300,5400,5400,5200,5100
North Dorset,4900,5100,5100,5100,5200,5100,5100,4800,4800,4600,4700
Purbeck,3000,3100,3200,3100,3200,3200,3200,3100,3100,3000,3000
West Dorset,5700,6100,6300,6300,6300,6200,6300,6000,5800,5600,5500
Weymouth and Portland,5300,5400,5500,5500,5500,5300,5100,5000,4900,4600,4600
Cheltenham,12500,12400,12500,12500,12300,12200,11800,11700,11400,11300,11300
Cotswold,5400,5500,5600,5600,5800,5800,6000,6100,6100,6000,6000
Forest of Dean,6500,6600,6400,6300,6400,6400,6500,6600,6800,6700,6600
Gloucester,11400,11500,11500,11600,11500,11600,11500,11200,11200,11100,11200
Stroud,7200,7500,7700,7800,7800,7800,7800,7900,7800,7500,7500
Tewkesbury,5100,5400,5500,5700,5800,5600,5700,5700,5500,5400,5400
Mendip,7900,8100,8000,8000,8000,8100,8000,7900,7900,7900,7700
Sedgemoor,8100,8300,8500,8700,8800,8800,8800,8900,8800,8700,8400
South Somerset,11300,11800,12000,12200,12200,12100,11900,11700,11400,11300,11000
Taunton Deane,8400,8600,8800,8900,9000,8800,8800,8400,8200,8000,8000
West Somerset,2500,2500,2500,2600,2400,2400,2300,2200,2200,2200,2200
Isle of Anglesey,5100,5300,5300,5300,5300,5200,5200,5000,4800,4600,4500
Gwynedd,12200,12100,12500,13400,13800,14200,14200,14000,14500,14500,14500
Conwy,7700,7900,8100,8100,8200,8200,8200,8100,7900,7800,7400
Denbighshire,6900,7100,7200,7400,7600,7600,7600,7400,7200,7000,6800
Flintshire,11700,12100,12400,12400,12600,12300,12300,12200,11900,11400,11200
Wrexham,11200,11300,11400,11500,11600,11400,11100,10900,10600,10300,10000
Powys,8300,8700,9100,9200,9400,9400,9300,9300,9100,8800,8700
Ceredigion,11000,10500,10500,11400,12100,13200,13400,13000,12400,11500,10700
Pembrokeshire,8200,8700,9100,9500,9600,9700,9500,9500,9200,9000,8700
Carmarthenshire,13800,14100,14400,14700,15000,15000,14700,14500,14300,13800,13300
Swansea,26700,27000,27200,27900,28200,29000,28600,28400,28700,29100,29300
Neath Port Talbot,11400,11600,11500,11400,11300,11300,11200,11200,11100,11000,11200
Bridgend,10900,11200,11400,11400,11400,11400,11300,11000,11000,10900,10700
Vale of Glamorgan,9500,9800,10000,10000,10100,10000,10000,9900,9600,9600,9600
Cardiff,50000,50000,50400,50900,51800,53200,53500,53500,54500,55200,55100
Rhondda Cynon Taff,23000,22800,22700,22500,22300,23000,22700,22600,22400,21800,21400
Merthyr Tydfil,5200,5500,5600,5500,5500,5400,5300,5200,5100,5000,4900
Caerphilly,15000,15300,15200,15300,15300,15300,15100,15000,15000,14700,14300
Blaenau Gwent,6100,6300,6500,6500,6500,6600,6500,6300,6100,5900,5700
Torfaen,7700,7900,8000,7900,7900,8100,8100,7900,7900,7600,7500
Monmouthshire,5600,5800,6100,6300,6300,6600,6600,6600,6600,6400,6300
Newport,12900,13400,13700,13900,14100,14300,14100,13700,13300,12900,12400
Aberdeen City,26800,27300,27700,29600,30700,30700,30500,29900,29200,27200,25100
Aberdeenshire,18000,18300,18500,18600,18800,19100,19300,19300,19300,18900,18500
Angus,8200,8300,8400,8600,8700,8800,8900,8900,9000,8900,8700
Argyll and Bute,6800,6600,6600,6400,6600,6100,6700,6700,6700,6800,6800
Clackmannanshire,4100,4100,4100,4100,4100,4100,4100,4100,4100,4100,4100
Dumfries and Galloway,10400,10600,10600,10600,10800,10900,10900,11000,11000,10900,10700
Dundee City,18400,19000,19400,20200,21400,21200,20800,20200,19600,18800,18100
East Ayrshire,10100,10300,10500,10500,10500,10500,10400,10300,10200,10000,9700
East Dunbartonshire,8200,8200,8400,8600,8700,9000,8900,8900,8700,8600,8300
East Lothian,6500,7300,7600,7800,7900,8200,8300,8300,8500,8400,8100
East Renfrewshire,6900,7100,7100,7300,7500,7600,7600,7600,7500,7600,7500
City of Edinburgh,55900,56700,57400,60400,62000,61300,60200,58900,58400,57900,57100
Na h-Eileanan Siar,1800,1800,1800,1800,1800,1800,1800,1700,1700,1700,1700
Falkirk,12300,12400,12700,12500,12700,12600,12600,12700,12800,12700,12700
Fife,33000,32600,32900,33300,33500,33800,33900,33500,33500,33600,33500
Glasgow City,69900,71000,71100,73900,76100,75300,72900,71400,71700,71700,69300
Highland,15900,16200,16300,16300,16500,16500,16500,16500,16800,16700,16700
Inverclyde,7200,7200,7200,7200,7000,7000,6900,6900,6800,6600,6400
Midlothian,6400,6600,6600,6700,6900,7000,6900,7000,7000,6900,6800
Moray,7200,7400,7400,7300,7300,7200,7400,7400,7600,7600,7400
North Ayrshire,11300,11300,11300,11300,11300,11400,11300,11200,11400,11400,11200
North Lanarkshire,29800,29700,29800,29700,29700,29700,29300,29200,29400,29200,29000
Orkney Islands,1400,1500,1500,1500,1600,1600,1600,1600,1600,1500,1500
Perth and Kinross,9900,10100,10300,10500,10800,11100,11000,11400,11600,11400,11200
Renfrewshire,14700,14700,14800,15100,15500,15300,15000,15000,15000,15000,14700
Scottish Borders,7300,7600,7600,7600,7700,7700,7700,7800,7800,7900,7900
Shetland Islands,1600,1600,1700,1800,1800,1800,1800,1800,1800,1800,1700
South Ayrshire,8500,8600,8600,8600,8600,8700,8600,8500,8400,8500,8400
South Lanarkshire,25500,25400,25300,25400,25500,25700,25600,25700,25900,25500,25100
Stirling,9400,9400,9600,10000,10400,10600,10700,10400,10800,11100,10800
West Dunbartonshire,8500,8400,8300,8300,8300,8200,8000,8000,7800,7700,7400
West Lothian,14100,14300,14500,14500,14600,14600,14500,14600,14700,14700,14600
Antrim and Newtownabbey,12900,13100,13300,13200,13000,12900,12800,12600,12500,12200,12100
Ards and North Down,12800,12600,12900,12700,12500,12300,12000,11700,11700,11600,11300
"Armagh City, Banbridge and Craigavon",17900,18200,18500,18400,18100,18100,17700,17600,17600,17300,17000
Belfast,41900,41500,41300,41300,40700,40000,39900,39600,40000,39600,38500
Causeway Coast and Glens,14100,14000,13900,13800,13700,13500,13200,13200,13100,13000,13000
Derry City and Strabane,15900,15700,15500,15100,14900,14700,14400,14300,14100,14000,13900
Fermanagh and Omagh,10300,10500,10300,10100,9900,9800,9600,9500,9300,9200,9100
Lisburn and Castlereagh,10700,10900,11100,11300,11300,11300,11100,11400,11300,11200,11100
Mid and East Antrim,11700,11800,11700,11700,11600,11600,11400,11400,11300,11300,11000
Mid Ulster,13500,13700,13700,13600,13600,13400,13200,13100,13000,12700,12400
"Newry, Mourne and Down",16300,16600,16700,16400,16100,16100,16000,15500,15300,15100,14900